studyName	Sample Number	Species	Region	Island	Stage	Individual ID	Clutch Completion	Date Egg	Culmen Length (mm)	Culmen Depth (mm)	Flipper Length (mm)	Body Mass (g)	Sex
PAL0708	1	Adelie Penguin (Pygoscelis adeliae)	Anvers	Torgersen	"Adult, 1 Egg Stage"	N1A1	Yes	11/11/2007	39.1	18.7	181	3750	MALE
PAL0708	2	Adelie Penguin (Pygoscelis adeliae)	Anvers	Torgersen	"Adult, 1 Egg Stage"	N1A2	Yes	11/11/2007	39.5	17.4	186	3800	FEMALE
PAL0708	3	Adelie Penguin (Pygoscelis adeliae)	Anvers	Torgersen	"Adult, 1 Egg Stage"	N2A1	Yes	16/11/2007	40.3	18	195	3250	FEMALE
PAL0708	4	Adelie Penguin (Pygoscelis adeliae)	Anvers	Torgersen	"Adult, 1 Egg Stage"	N2A2	Yes	16/11/2007	NA	NA	NA	NA	NA
PAL0708	5	Adelie Penguin (Pygoscelis adeliae)	Anvers	Torgersen	"Adult, 1 Egg Stage"	N3A1	Yes	16/11/2007	36.7	19.3	193	3450	FEMALE
PAL0708	6	Adelie Penguin (Pygoscelis adeliae)	Anvers	Torgersen	"Adult, 1 Egg Stage"	N3A2	Yes	16/11/2007	39.3	20.6	190	3650	MALE
PAL0708	7	Adelie Penguin (Pygoscelis adeliae)	Anvers	Torgersen	"Adult, 1 Egg Stage"	N4A1	No	15/11/2007	38.9	17.8	181	3625	FEMALE
PAL0708	8	Adelie Penguin (Pygoscelis adeliae)	Anvers	Torgersen	"Adult, 1 Egg Stage"	N4A2	No	15/11/2007	39.2	19.6	195	4675	MALE
PAL0708	9	Adelie Penguin (Pygoscelis adeliae)	Anvers	Torgersen	"Adult, 1 Egg Stage"	N5A1	Yes	09/11/2007	34.1	18.1	193	3475	NA
PAL0708	10	Adelie Penguin (Pygoscelis adeliae)	Anvers	Torgersen	"Adult, 1 Egg Stage"	N5A2	Yes	09/11/2007	42	20.2	190	4250	NA
PAL0708	11	Adelie Penguin (Pygoscelis adeliae)	Anvers	Torgersen	"Adult, 1 Egg Stage"	N6A1	Yes	09/11/2007	37.8	17.1	186	3300	NA
PAL0708	12	Adelie Penguin (Pygoscelis adeliae)	Anvers	Torgersen	"Adult, 1 Egg Stage"	N6A2	Yes	09/11/2007	37.8	17.3	180	3700	NA
PAL0708	13	Adelie Penguin (Pygoscelis adeliae)	Anvers	Torgersen	"Adult, 1 Egg Stage"	N7A1	Yes	15/11/2007	41.1	17.6	182	3200	FEMALE
PAL0708	14	Adelie Penguin (Pygoscelis adeliae)	Anvers	Torgersen	"Adult, 1 Egg Stage"	N7A2	Yes	15/11/2007	38.6	21.2	191	3800	MALE
PAL0708	15	Adelie Penguin (Pygoscelis adeliae)	Anvers	Torgersen	"Adult, 1 Egg Stage"	N8A1	Yes	16/11/2007	34.6	21.1	198	4400	MALE
PAL0708	16	Adelie Penguin (Pygoscelis adeliae)	Anvers	Torgersen	"Adult, 1 Egg Stage"	N8A2	Yes	16/11/2007	36.6	17.8	185	3700	FEMALE
PAL0708	17	Adelie Penguin (Pygoscelis adeliae)	Anvers	Torgersen	"Adult, 1 Egg Stage"	N9A1	Yes	12/11/2007	38.7	19	195	3450	FEMALE
PAL0708	18	Adelie Penguin (Pygoscelis adeliae)	Anvers	Torgersen	"Adult, 1 Egg Stage"	N9A2	Yes	12/11/2007	42.5	20.7	197	4500	MALE
PAL0708	19	Adelie Penguin (Pygoscelis adeliae)	Anvers	Torgersen	"Adult, 1 Egg Stage"	N10A1	Yes	16/11/2007	34.4	18.4	184	3325	FEMALE
PAL0708	20	Adelie Penguin (Pygoscelis adeliae)	Anvers	Torgersen	"Adult, 1 Egg Stage"	N10A2	Yes	16/11/2007	46	21.5	194	4200	MALE
PAL0708	21	Adelie Penguin (Pygoscelis adeliae)	Anvers	Biscoe	"Adult, 1 Egg Stage"	N11A1	Yes	12/11/2007	37.8	18.3	174	3400	FEMALE
PAL0708	22	Adelie Penguin (Pygoscelis adeliae)	Anvers	Biscoe	"Adult, 1 Egg Stage"	N11A2	Yes	12/11/2007	37.7	18.7	180	3600	MALE
PAL0708	23	Adelie Penguin (Pygoscelis adeliae)	Anvers	Biscoe	"Adult, 1 Egg Stage"	N12A1	Yes	12/11/2007	35.9	19.2	189	3800	FEMALE
PAL0708	24	Adelie Penguin (Pygoscelis adeliae)	Anvers	Biscoe	"Adult, 1 Egg Stage"	N12A2	Yes	12/11/2007	38.2	18.1	185	3950	MALE
PAL0708	25	Adelie Penguin (Pygoscelis adeliae)	Anvers	Biscoe	"Adult, 1 Egg Stage"	N13A1	Yes	10/11/2007	38.8	17.2	180	3800	MALE
PAL0708	26	Adelie Penguin (Pygoscelis adeliae)	Anvers	Biscoe	"Adult, 1 Egg Stage"	N13A2	Yes	10/11/2007	35.3	18.9	187	3800	FEMALE
PAL0708	27	Adelie Penguin (Pygoscelis adeliae)	Anvers	Biscoe	"Adult, 1 Egg Stage"	N17A1	Yes	12/11/2007	40.6	18.6	183	3550	MALE
PAL0708	28	Adelie Penguin (Pygoscelis adeliae)	Anvers	Biscoe	"Adult, 1 Egg Stage"	N17A2	Yes	12/11/2007	40.5	17.9	187	3200	FEMALE
PAL0708	29	Adelie Penguin (Pygoscelis adeliae)	Anvers	Biscoe	"Adult, 1 Egg Stage"	N18A1	No	10/11/2007	37.9	18.6	172	3150	FEMALE
PAL0708	30	Adelie Penguin (Pygoscelis adeliae)	Anvers	Biscoe	"Adult, 1 Egg Stage"	N18A2	No	10/11/2007	40.5	18.9	180	3950	MALE
PAL0708	31	Adelie Penguin (Pygoscelis adeliae)	Anvers	Dream	"Adult, 1 Egg Stage"	N21A1	Yes	09/11/2007	39.5	16.7	178	3250	FEMALE
PAL0708	32	Adelie Penguin (Pygoscelis adeliae)	Anvers	Dream	"Adult, 1 Egg Stage"	N21A2	Yes	09/11/2007	37.2	18.1	178	3900	MALE
PAL0708	33	Adelie Penguin (Pygoscelis adeliae)	Anvers	Dream	"Adult, 1 Egg Stage"	N22A1	Yes	09/11/2007	39.5	17.8	188	3300	FEMALE
PAL0708	34	Adelie Penguin (Pygoscelis adeliae)	Anvers	Dream	"Adult, 1 Egg Stage"	N22A2	Yes	09/11/2007	40.9	18.9	184	3900	MALE
PAL0708	35	Adelie Penguin (Pygoscelis adeliae)	Anvers	Dream	"Adult, 1 Egg Stage"	N23A1	Yes	16/11/2007	36.4	17	195	3325	FEMALE
PAL0708	36	Adelie Penguin (Pygoscelis adeliae)	Anvers	Dream	"Adult, 1 Egg Stage"	N23A2	Yes	16/11/2007	39.2	21.1	196	4150	MALE
PAL0708	37	Adelie Penguin (Pygoscelis adeliae)	Anvers	Dream	"Adult, 1 Egg Stage"	N24A1	Yes	16/11/2007	38.8	20	190	3950	MALE
PAL0708	38	Adelie Penguin (Pygoscelis adeliae)	Anvers	Dream	"Adult, 1 Egg Stage"	N24A2	Yes	16/11/2007	42.2	18.5	180	3550	FEMALE
PAL0708	39	Adelie Penguin (Pygoscelis adeliae)	Anvers	Dream	"Adult, 1 Egg Stage"	N25A1	No	13/11/2007	37.6	19.3	181	3300	FEMALE
PAL0708	40	Adelie Penguin (Pygoscelis adeliae)	Anvers	Dream	"Adult, 1 Egg Stage"	N25A2	No	13/11/2007	39.8	19.1	184	4650	MALE
PAL0708	41	Adelie Penguin (Pygoscelis adeliae)	Anvers	Dream	"Adult, 1 Egg Stage"	N26A1	Yes	16/11/2007	36.5	18	182	3150	FEMALE
PAL0708	42	Adelie Penguin (Pygoscelis adeliae)	Anvers	Dream	"Adult, 1 Egg Stage"	N26A2	Yes	16/11/2007	40.8	18.4	195	3900	MALE
PAL0708	43	Adelie Penguin (Pygoscelis adeliae)	Anvers	Dream	"Adult, 1 Egg Stage"	N27A1	Yes	19/11/2007	36	18.5	186	3100	FEMALE
PAL0708	44	Adelie Penguin (Pygoscelis adeliae)	Anvers	Dream	"Adult, 1 Egg Stage"	N27A2	Yes	19/11/2007	44.1	19.7	196	4400	MALE
PAL0708	45	Adelie Penguin (Pygoscelis adeliae)	Anvers	Dream	"Adult, 1 Egg Stage"	N28A1	Yes	16/11/2007	37	16.9	185	3000	FEMALE
PAL0708	46	Adelie Penguin (Pygoscelis adeliae)	Anvers	Dream	"Adult, 1 Egg Stage"	N28A2	Yes	16/11/2007	39.6	18.8	190	4600	MALE
PAL0708	47	Adelie Penguin (Pygoscelis adeliae)	Anvers	Dream	"Adult, 1 Egg Stage"	N29A1	Yes	13/11/2007	41.1	19	182	3425	MALE
PAL0708	48	Adelie Penguin (Pygoscelis adeliae)	Anvers	Dream	"Adult, 1 Egg Stage"	N29A2	Yes	13/11/2007	37.5	18.9	179	2975	NA
PAL0708	49	Adelie Penguin (Pygoscelis adeliae)	Anvers	Dream	"Adult, 1 Egg Stage"	N30A1	Yes	13/11/2007	36	17.9	190	3450	FEMALE
PAL0708	50	Adelie Penguin (Pygoscelis adeliae)	Anvers	Dream	"Adult, 1 Egg Stage"	N30A2	Yes	13/11/2007	42.3	21.2	191	4150	MALE
PAL0809	51	Adelie Penguin (Pygoscelis adeliae)	Anvers	Biscoe	"Adult, 1 Egg Stage"	N21A1	Yes	06/11/2008	39.6	17.7	186	3500	FEMALE
PAL0809	52	Adelie Penguin (Pygoscelis adeliae)	Anvers	Biscoe	"Adult, 1 Egg Stage"	N21A2	Yes	06/11/2008	40.1	18.9	188	4300	MALE
PAL0809	53	Adelie Penguin (Pygoscelis adeliae)	Anvers	Biscoe	"Adult, 1 Egg Stage"	N22A1	Yes	09/11/2008	35	17.9	190	3450	FEMALE
PAL0809	54	Adelie Penguin (Pygoscelis adeliae)	Anvers	Biscoe	"Adult, 1 Egg Stage"	N22A2	Yes	09/11/2008	42	19.5	200	4050	MALE
PAL0809	55	Adelie Penguin (Pygoscelis adeliae)	Anvers	Biscoe	"Adult, 1 Egg Stage"	N23A1	Yes	09/11/2008	34.5	18.1	187	2900	FEMALE
PAL0809	56	Adelie Penguin (Pygoscelis adeliae)	Anvers	Biscoe	"Adult, 1 Egg Stage"	N23A2	Yes	09/11/2008	41.4	18.6	191	3700	MALE
PAL0809	57	Adelie Penguin (Pygoscelis adeliae)	Anvers	Biscoe	"Adult, 1 Egg Stage"	N24A1	Yes	15/11/2008	39	17.5	186	3550	FEMALE
PAL0809	58	Adelie Penguin (Pygoscelis adeliae)	Anvers	Biscoe	"Adult, 1 Egg Stage"	N24A2	Yes	15/11/2008	40.6	18.8	193	3800	MALE
PAL0809	59	Adelie Penguin (Pygoscelis adeliae)	Anvers	Biscoe	"Adult, 1 Egg Stage"	N25A1	Yes	15/11/2008	36.5	16.6	181	2850	FEMALE
PAL0809	60	Adelie Penguin (Pygoscelis adeliae)	Anvers	Biscoe	"Adult, 1 Egg Stage"	N25A2	Yes	15/11/2008	37.6	19.1	194	3750	MALE
PAL0809	61	Adelie Penguin (Pygoscelis adeliae)	Anvers	Biscoe	"Adult, 1 Egg Stage"	N27A1	Yes	13/11/2008	35.7	16.9	185	3150	FEMALE
PAL0809	62	Adelie Penguin (Pygoscelis adeliae)	Anvers	Biscoe	"Adult, 1 Egg Stage"	N27A2	Yes	13/11/2008	41.3	21.1	195	4400	MALE
PAL0809	63	Adelie Penguin (Pygoscelis adeliae)	Anvers	Biscoe	"Adult, 1 Egg Stage"	N28A1	Yes	13/11/2008	37.6	17	185	3600	FEMALE
PAL0809	64	Adelie Penguin (Pygoscelis adeliae)	Anvers	Biscoe	"Adult, 1 Egg Stage"	N28A2	Yes	13/11/2008	41.1	18.2	192	4050	MALE
PAL0809	65	Adelie Penguin (Pygoscelis adeliae)	Anvers	Biscoe	"Adult, 1 Egg Stage"	N29A1	Yes	13/11/2008	36.4	17.1	184	2850	FEMALE
PAL0809	66	Adelie Penguin (Pygoscelis adeliae)	Anvers	Biscoe	"Adult, 1 Egg Stage"	N29A2	Yes	13/11/2008	41.6	18	192	3950	MALE
PAL0809	67	Adelie Penguin (Pygoscelis adeliae)	Anvers	Biscoe	"Adult, 1 Egg Stage"	N30A1	Yes	06/11/2008	35.5	16.2	195	3350	FEMALE
PAL0809	68	Adelie Penguin (Pygoscelis adeliae)	Anvers	Biscoe	"Adult, 1 Egg Stage"	N30A2	Yes	06/11/2008	41.1	19.1	188	4100	MALE
PAL0809	69	Adelie Penguin (Pygoscelis adeliae)	Anvers	Torgersen	"Adult, 1 Egg Stage"	N32A1	No	11/11/2008	35.9	16.6	190	3050	FEMALE
PAL0809	70	Adelie Penguin (Pygoscelis adeliae)	Anvers	Torgersen	"Adult, 1 Egg Stage"	N32A2	No	11/11/2008	41.8	19.4	198	4450	MALE
PAL0809	71	Adelie Penguin (Pygoscelis adeliae)	Anvers	Torgersen	"Adult, 1 Egg Stage"	N34A1	Yes	14/11/2008	33.5	19	190	3600	FEMALE
PAL0809	72	Adelie Penguin (Pygoscelis adeliae)	Anvers	Torgersen	"Adult, 1 Egg Stage"	N34A2	Yes	14/11/2008	39.7	18.4	190	3900	MALE
PAL0809	73	Adelie Penguin (Pygoscelis adeliae)	Anvers	Torgersen	"Adult, 1 Egg Stage"	N35A1	Yes	11/11/2008	39.6	17.2	196	3550	FEMALE
PAL0809	74	Adelie Penguin (Pygoscelis adeliae)	Anvers	Torgersen	"Adult, 1 Egg Stage"	N35A2	Yes	11/11/2008	45.8	18.9	197	4150	MALE
PAL0809	75	Adelie Penguin (Pygoscelis adeliae)	Anvers	Torgersen	"Adult, 1 Egg Stage"	N36A1	Yes	08/11/2008	35.5	17.5	190	3700	FEMALE
PAL0809	76	Adelie Penguin (Pygoscelis adeliae)	Anvers	Torgersen	"Adult, 1 Egg Stage"	N36A2	Yes	08/11/2008	42.8	18.5	195	4250	MALE
PAL0809	77	Adelie Penguin (Pygoscelis adeliae)	Anvers	Torgersen	"Adult, 1 Egg Stage"	N37A1	Yes	06/11/2008	40.9	16.8	191	3700	FEMALE
PAL0809	78	Adelie Penguin (Pygoscelis adeliae)	Anvers	Torgersen	"Adult, 1 Egg Stage"	N37A2	Yes	06/11/2008	37.2	19.4	184	3900	MALE
PAL0809	79	Adelie Penguin (Pygoscelis adeliae)	Anvers	Torgersen	"Adult, 1 Egg Stage"	N38A1	Yes	09/11/2008	36.2	16.1	187	3550	FEMALE
PAL0809	80	Adelie Penguin (Pygoscelis adeliae)	Anvers	Torgersen	"Adult, 1 Egg Stage"	N38A2	Yes	09/11/2008	42.1	19.1	195	4000	MALE
PAL0809	81	Adelie Penguin (Pygoscelis adeliae)	Anvers	Torgersen	"Adult, 1 Egg Stage"	N39A1	Yes	02/11/2008	34.6	17.2	189	3200	FEMALE
PAL0809	82	Adelie Penguin (Pygoscelis adeliae)	Anvers	Torgersen	"Adult, 1 Egg Stage"	N39A2	Yes	02/11/2008	42.9	17.6	196	4700	MALE
PAL0809	83	Adelie Penguin (Pygoscelis adeliae)	Anvers	Torgersen	"Adult, 1 Egg Stage"	N40A1	Yes	07/11/2008	36.7	18.8	187	3800	FEMALE
PAL0809	84	Adelie Penguin (Pygoscelis adeliae)	Anvers	Torgersen	"Adult, 1 Egg Stage"	N40A2	Yes	07/11/2008	35.1	19.4	193	4200	MALE
PAL0809	85	Adelie Penguin (Pygoscelis adeliae)	Anvers	Dream	"Adult, 1 Egg Stage"	N41A1	Yes	17/11/2008	37.3	17.8	191	3350	FEMALE
PAL0809	86	Adelie Penguin (Pygoscelis adeliae)	Anvers	Dream	"Adult, 1 Egg Stage"	N41A2	Yes	17/11/2008	41.3	20.3	194	3550	MALE
PAL0809	87	Adelie Penguin (Pygoscelis adeliae)	Anvers	Dream	"Adult, 1 Egg Stage"	N42A1	Yes	08/11/2008	36.3	19.5	190	3800	MALE
PAL0809	88	Adelie Penguin (Pygoscelis adeliae)	Anvers	Dream	"Adult, 1 Egg Stage"	N42A2	Yes	08/11/2008	36.9	18.6	189	3500	FEMALE
PAL0809	89	Adelie Penguin (Pygoscelis adeliae)	Anvers	Dream	"Adult, 1 Egg Stage"	N44A1	Yes	08/11/2008	38.3	19.2	189	3950	MALE
PAL0809	90	Adelie Penguin (Pygoscelis adeliae)	Anvers	Dream	"Adult, 1 Egg Stage"	N44A2	Yes	08/11/2008	38.9	18.8	190	3600	FEMALE
PAL0809	91	Adelie Penguin (Pygoscelis adeliae)	Anvers	Dream	"Adult, 1 Egg Stage"	N45A1	Yes	14/11/2008	35.7	18	202	3550	FEMALE
PAL0809	92	Adelie Penguin (Pygoscelis adeliae)	Anvers	Dream	"Adult, 1 Egg Stage"	N45A2	Yes	14/11/2008	41.1	18.1	205	4300	MALE
PAL0809	93	Adelie Penguin (Pygoscelis adeliae)	Anvers	Dream	"Adult, 1 Egg Stage"	N46A1	Yes	05/11/2008	34	17.1	185	3400	FEMALE
PAL0809	94	Adelie Penguin (Pygoscelis adeliae)	Anvers	Dream	"Adult, 1 Egg Stage"	N46A2	Yes	05/11/2008	39.6	18.1	186	4450	MALE
PAL0809	95	Adelie Penguin (Pygoscelis adeliae)	Anvers	Dream	"Adult, 1 Egg Stage"	N48A1	Yes	17/11/2008	36.2	17.3	187	3300	FEMALE
PAL0809	96	Adelie Penguin (Pygoscelis adeliae)	Anvers	Dream	"Adult, 1 Egg Stage"	N48A2	Yes	17/11/2008	40.8	18.9	208	4300	MALE
PAL0809	97	Adelie Penguin (Pygoscelis adeliae)	Anvers	Dream	"Adult, 1 Egg Stage"	N49A1	Yes	08/11/2008	38.1	18.6	190	3700	FEMALE
PAL0809	98	Adelie Penguin (Pygoscelis adeliae)	Anvers	Dream	"Adult, 1 Egg Stage"	N49A2	Yes	08/11/2008	40.3	18.5	196	4350	MALE
PAL0809	99	Adelie Penguin (Pygoscelis adeliae)	Anvers	Dream	"Adult, 1 Egg Stage"	N50A1	Yes	10/11/2008	33.1	16.1	178	2900	FEMALE
PAL0809	100	Adelie Penguin (Pygoscelis adeliae)	Anvers	Dream	"Adult, 1 Egg Stage"	N50A2	Yes	10/11/2008	43.2	18.5	192	4100	MALE
PAL0910	101	Adelie Penguin (Pygoscelis adeliae)	Anvers	Biscoe	"Adult, 1 Egg Stage"	N47A1	Yes	09/11/2009	35	17.9	192	3725	FEMALE
PAL0910	102	Adelie Penguin (Pygoscelis adeliae)	Anvers	Biscoe	"Adult, 1 Egg Stage"	N47A2	Yes	09/11/2009	41	20	203	4725	MALE
PAL0910	103	Adelie Penguin (Pygoscelis adeliae)	Anvers	Biscoe	"Adult, 1 Egg Stage"	N49A1	Yes	15/11/2009	37.7	16	183	3075	FEMALE
PAL0910	104	Adelie Penguin (Pygoscelis adeliae)	Anvers	Biscoe	"Adult, 1 Egg Stage"	N49A2	Yes	15/11/2009	37.8	20	190	4250	MALE
PAL0910	105	Adelie Penguin (Pygoscelis adeliae)	Anvers	Biscoe	"Adult, 1 Egg Stage"	N51A1	Yes	15/11/2009	37.9	18.6	193	2925	FEMALE
PAL0910	106	Adelie Penguin (Pygoscelis adeliae)	Anvers	Biscoe	"Adult, 1 Egg Stage"	N51A2	Yes	15/11/2009	39.7	18.9	184	3550	MALE
PAL0910	107	Adelie Penguin (Pygoscelis adeliae)	Anvers	Biscoe	"Adult, 1 Egg Stage"	N53A1	Yes	15/11/2009	38.6	17.2	199	3750	FEMALE
PAL0910	108	Adelie Penguin (Pygoscelis adeliae)	Anvers	Biscoe	"Adult, 1 Egg Stage"	N53A2	Yes	15/11/2009	38.2	20	190	3900	MALE
PAL0910	109	Adelie Penguin (Pygoscelis adeliae)	Anvers	Biscoe	"Adult, 1 Egg Stage"	N55A1	Yes	20/11/2009	38.1	17	181	3175	FEMALE
PAL0910	110	Adelie Penguin (Pygoscelis adeliae)	Anvers	Biscoe	"Adult, 1 Egg Stage"	N55A2	Yes	20/11/2009	43.2	19	197	4775	MALE
PAL0910	111	Adelie Penguin (Pygoscelis adeliae)	Anvers	Biscoe	"Adult, 1 Egg Stage"	N58A1	Yes	12/11/2009	38.1	16.5	198	3825	FEMALE
PAL0910	112	Adelie Penguin (Pygoscelis adeliae)	Anvers	Biscoe	"Adult, 1 Egg Stage"	N58A2	Yes	12/11/2009	45.6	20.3	191	4600	MALE
PAL0910	113	Adelie Penguin (Pygoscelis adeliae)	Anvers	Biscoe	"Adult, 1 Egg Stage"	N60A1	Yes	15/11/2009	39.7	17.7	193	3200	FEMALE
PAL0910	114	Adelie Penguin (Pygoscelis adeliae)	Anvers	Biscoe	"Adult, 1 Egg Stage"	N60A2	Yes	15/11/2009	42.2	19.5	197	4275	MALE
PAL0910	115	Adelie Penguin (Pygoscelis adeliae)	Anvers	Biscoe	"Adult, 1 Egg Stage"	N61A1	Yes	17/11/2009	39.6	20.7	191	3900	FEMALE
PAL0910	116	Adelie Penguin (Pygoscelis adeliae)	Anvers	Biscoe	"Adult, 1 Egg Stage"	N61A2	Yes	17/11/2009	42.7	18.3	196	4075	MALE
PAL0910	117	Adelie Penguin (Pygoscelis adeliae)	Anvers	Torgersen	"Adult, 1 Egg Stage"	N63A1	Yes	18/11/2009	38.6	17	188	2900	FEMALE
PAL0910	118	Adelie Penguin (Pygoscelis adeliae)	Anvers	Torgersen	"Adult, 1 Egg Stage"	N63A2	Yes	18/11/2009	37.3	20.5	199	3775	MALE
PAL0910	119	Adelie Penguin (Pygoscelis adeliae)	Anvers	Torgersen	"Adult, 1 Egg Stage"	N64A1	Yes	22/11/2009	35.7	17	189	3350	FEMALE
PAL0910	120	Adelie Penguin (Pygoscelis adeliae)	Anvers	Torgersen	"Adult, 1 Egg Stage"	N64A2	Yes	22/11/2009	41.1	18.6	189	3325	MALE
PAL0910	121	Adelie Penguin (Pygoscelis adeliae)	Anvers	Torgersen	"Adult, 1 Egg Stage"	N66A1	No	17/11/2009	36.2	17.2	187	3150	FEMALE
PAL0910	122	Adelie Penguin (Pygoscelis adeliae)	Anvers	Torgersen	"Adult, 1 Egg Stage"	N66A2	No	17/11/2009	37.7	19.8	198	3500	MALE
PAL0910	123	Adelie Penguin (Pygoscelis adeliae)	Anvers	Torgersen	"Adult, 1 Egg Stage"	N67A1	Yes	16/11/2009	40.2	17	176	3450	FEMALE
PAL0910	124	Adelie Penguin (Pygoscelis adeliae)	Anvers	Torgersen	"Adult, 1 Egg Stage"	N67A2	Yes	16/11/2009	41.4	18.5	202	3875	MALE
PAL0910	125	Adelie Penguin (Pygoscelis adeliae)	Anvers	Torgersen	"Adult, 1 Egg Stage"	N69A1	Yes	18/11/2009	35.2	15.9	186	3050	FEMALE
PAL0910	126	Adelie Penguin (Pygoscelis adeliae)	Anvers	Torgersen	"Adult, 1 Egg Stage"	N69A2	Yes	18/11/2009	40.6	19	199	4000	MALE
PAL0910	127	Adelie Penguin (Pygoscelis adeliae)	Anvers	Torgersen	"Adult, 1 Egg Stage"	N71A1	Yes	21/11/2009	38.8	17.6	191	3275	FEMALE
PAL0910	128	Adelie Penguin (Pygoscelis adeliae)	Anvers	Torgersen	"Adult, 1 Egg Stage"	N71A2	Yes	21/11/2009	41.5	18.3	195	4300	MALE
PAL0910	129	Adelie Penguin (Pygoscelis adeliae)	Anvers	Torgersen	"Adult, 1 Egg Stage"	N72A1	Yes	18/11/2009	39	17.1	191	3050	FEMALE
PAL0910	130	Adelie Penguin (Pygoscelis adeliae)	Anvers	Torgersen	"Adult, 1 Egg Stage"	N72A2	Yes	18/11/2009	44.1	18	210	4000	MALE
PAL0910	131	Adelie Penguin (Pygoscelis adeliae)	Anvers	Torgersen	"Adult, 1 Egg Stage"	N73A1	No	23/11/2009	38.5	17.9	190	3325	FEMALE
PAL0910	132	Adelie Penguin (Pygoscelis adeliae)	Anvers	Torgersen	"Adult, 1 Egg Stage"	N73A2	No	23/11/2009	43.1	19.2	197	3500	MALE
PAL0910	133	Adelie Penguin (Pygoscelis adeliae)	Anvers	Dream	"Adult, 1 Egg Stage"	N76A1	Yes	10/11/2009	36.8	18.5	193	3500	FEMALE
PAL0910	134	Adelie Penguin (Pygoscelis adeliae)	Anvers	Dream	"Adult, 1 Egg Stage"	N76A2	Yes	10/11/2009	37.5	18.5	199	4475	MALE
PAL0910	135	Adelie Penguin (Pygoscelis adeliae)	Anvers	Dream	"Adult, 1 Egg Stage"	N77A1	Yes	13/11/2009	38.1	17.6	187	3425	FEMALE
PAL0910	136	Adelie Penguin (Pygoscelis adeliae)	Anvers	Dream	"Adult, 1 Egg Stage"	N77A2	Yes	13/11/2009	41.1	17.5	190	3900	MALE
PAL0910	137	Adelie Penguin (Pygoscelis adeliae)	Anvers	Dream	"Adult, 1 Egg Stage"	N78A1	Yes	16/11/2009	35.6	17.5	191	3175	FEMALE
PAL0910	138	Adelie Penguin (Pygoscelis adeliae)	Anvers	Dream	"Adult, 1 Egg Stage"	N78A2	Yes	16/11/2009	40.2	20.1	200	3975	MALE
PAL0910	139	Adelie Penguin (Pygoscelis adeliae)	Anvers	Dream	"Adult, 1 Egg Stage"	N79A1	No	16/11/2009	37	16.5	185	3400	FEMALE
PAL0910	140	Adelie Penguin (Pygoscelis adeliae)	Anvers	Dream	"Adult, 1 Egg Stage"	N79A2	No	16/11/2009	39.7	17.9	193	4250	MALE
PAL0910	141	Adelie Penguin (Pygoscelis adeliae)	Anvers	Dream	"Adult, 1 Egg Stage"	N80A1	Yes	14/11/2009	40.2	17.1	193	3400	FEMALE
PAL0910	142	Adelie Penguin (Pygoscelis adeliae)	Anvers	Dream	"Adult, 1 Egg Stage"	N80A2	Yes	14/11/2009	40.6	17.2	187	3475	MALE
PAL0910	143	Adelie Penguin (Pygoscelis adeliae)	Anvers	Dream	"Adult, 1 Egg Stage"	N81A1	Yes	16/11/2009	32.1	15.5	188	3050	FEMALE
PAL0910	144	Adelie Penguin (Pygoscelis adeliae)	Anvers	Dream	"Adult, 1 Egg Stage"	N81A2	Yes	16/11/2009	40.7	17	190	3725	MALE
PAL0910	145	Adelie Penguin (Pygoscelis adeliae)	Anvers	Dream	"Adult, 1 Egg Stage"	N82A1	Yes	16/11/2009	37.3	16.8	192	3000	FEMALE
PAL0910	146	Adelie Penguin (Pygoscelis adeliae)	Anvers	Dream	"Adult, 1 Egg Stage"	N82A2	Yes	16/11/2009	39	18.7	185	3650	MALE
PAL0910	147	Adelie Penguin (Pygoscelis adeliae)	Anvers	Dream	"Adult, 1 Egg Stage"	N83A1	Yes	13/11/2009	39.2	18.6	190	4250	MALE
PAL0910	148	Adelie Penguin (Pygoscelis adeliae)	Anvers	Dream	"Adult, 1 Egg Stage"	N83A2	Yes	13/11/2009	36.6	18.4	184	3475	FEMALE
PAL0910	149	Adelie Penguin (Pygoscelis adeliae)	Anvers	Dream	"Adult, 1 Egg Stage"	N84A1	Yes	17/11/2009	36	17.8	195	3450	FEMALE
PAL0910	150	Adelie Penguin (Pygoscelis adeliae)	Anvers	Dream	"Adult, 1 Egg Stage"	N84A2	Yes	17/11/2009	37.8	18.1	193	3750	MALE
PAL0910	151	Adelie Penguin (Pygoscelis adeliae)	Anvers	Dream	"Adult, 1 Egg Stage"	N85A1	Yes	17/11/2009	36	17.1	187	3700	FEMALE
PAL0910	152	Adelie Penguin (Pygoscelis adeliae)	Anvers	Dream	"Adult, 1 Egg Stage"	N85A2	Yes	17/11/2009	41.5	18.5	201	4000	MALE
PAL0708	1	Gentoo penguin (Pygoscelis papua)	Anvers	Biscoe	"Adult, 1 Egg Stage"	N31A1	Yes	27/11/2007	46.1	13.2	211	4500	FEMALE
PAL0708	2	Gentoo penguin (Pygoscelis papua)	Anvers	Biscoe	"Adult, 1 Egg Stage"	N31A2	Yes	27/11/2007	50	16.3	230	5700	MALE
PAL0708	3	Gentoo penguin (Pygoscelis papua)	Anvers	Biscoe	"Adult, 1 Egg Stage"	N32A1	Yes	27/11/2007	48.7	14.1	210	4450	FEMALE
PAL0708	4	Gentoo penguin (Pygoscelis papua)	Anvers	Biscoe	"Adult, 1 Egg Stage"	N32A2	Yes	27/11/2007	50	15.2	218	5700	MALE
PAL0708	5	Gentoo penguin (Pygoscelis papua)	Anvers	Biscoe	"Adult, 1 Egg Stage"	N33A1	Yes	18/11/2007	47.6	14.5	215	5400	MALE
PAL0708	6	Gentoo penguin (Pygoscelis papua)	Anvers	Biscoe	"Adult, 1 Egg Stage"	N33A2	Yes	18/11/2007	46.5	13.5	210	4550	FEMALE
PAL0708	7	Gentoo penguin (Pygoscelis papua)	Anvers	Biscoe	"Adult, 1 Egg Stage"	N34A1	Yes	27/11/2007	45.4	14.6	211	4800	FEMALE
PAL0708	8	Gentoo penguin (Pygoscelis papua)	Anvers	Biscoe	"Adult, 1 Egg Stage"	N34A2	Yes	27/11/2007	46.7	15.3	219	5200	MALE
PAL0708	9	Gentoo penguin (Pygoscelis papua)	Anvers	Biscoe	"Adult, 1 Egg Stage"	N35A1	Yes	27/11/2007	43.3	13.4	209	4400	FEMALE
PAL0708	10	Gentoo penguin (Pygoscelis papua)	Anvers	Biscoe	"Adult, 1 Egg Stage"	N35A2	Yes	27/11/2007	46.8	15.4	215	5150	MALE
PAL0708	11	Gentoo penguin (Pygoscelis papua)	Anvers	Biscoe	"Adult, 1 Egg Stage"	N36A1	No	27/11/2007	40.9	13.7	214	4650	FEMALE
PAL0708	12	Gentoo penguin (Pygoscelis papua)	Anvers	Biscoe	"Adult, 1 Egg Stage"	N36A2	No	27/11/2007	49	16.1	216	5550	MALE
PAL0708	13	Gentoo penguin (Pygoscelis papua)	Anvers	Biscoe	"Adult, 1 Egg Stage"	N37A1	Yes	29/11/2007	45.5	13.7	214	4650	FEMALE
PAL0708	14	Gentoo penguin (Pygoscelis papua)	Anvers	Biscoe	"Adult, 1 Egg Stage"	N37A2	Yes	29/11/2007	48.4	14.6	213	5850	MALE
PAL0708	15	Gentoo penguin (Pygoscelis papua)	Anvers	Biscoe	"Adult, 1 Egg Stage"	N38A1	Yes	03/12/2007	45.8	14.6	210	4200	FEMALE
PAL0708	16	Gentoo penguin (Pygoscelis papua)	Anvers	Biscoe	"Adult, 1 Egg Stage"	N38A2	Yes	03/12/2007	49.3	15.7	217	5850	MALE
PAL0708	17	Gentoo penguin (Pygoscelis papua)	Anvers	Biscoe	"Adult, 1 Egg Stage"	N39A1	Yes	27/11/2007	42	13.5	210	4150	FEMALE
PAL0708	18	Gentoo penguin (Pygoscelis papua)	Anvers	Biscoe	"Adult, 1 Egg Stage"	N39A2	Yes	27/11/2007	49.2	15.2	221	6300	MALE
PAL0708	19	Gentoo penguin (Pygoscelis papua)	Anvers	Biscoe	"Adult, 1 Egg Stage"	N40A1	Yes	27/11/2007	46.2	14.5	209	4800	FEMALE
PAL0708	20	Gentoo penguin (Pygoscelis papua)	Anvers	Biscoe	"Adult, 1 Egg Stage"	N40A2	Yes	27/11/2007	48.7	15.1	222	5350	MALE
PAL0708	21	Gentoo penguin (Pygoscelis papua)	Anvers	Biscoe	"Adult, 1 Egg Stage"	N41A1	Yes	27/11/2007	50.2	14.3	218	5700	MALE
PAL0708	22	Gentoo penguin (Pygoscelis papua)	Anvers	Biscoe	"Adult, 1 Egg Stage"	N41A2	Yes	27/11/2007	45.1	14.5	215	5000	FEMALE
PAL0708	23	Gentoo penguin (Pygoscelis papua)	Anvers	Biscoe	"Adult, 1 Egg Stage"	N42A1	Yes	27/11/2007	46.5	14.5	213	4400	FEMALE
PAL0708	24	Gentoo penguin (Pygoscelis papua)	Anvers	Biscoe	"Adult, 1 Egg Stage"	N42A2	Yes	27/11/2007	46.3	15.8	215	5050	MALE
PAL0708	25	Gentoo penguin (Pygoscelis papua)	Anvers	Biscoe	"Adult, 1 Egg Stage"	N44A1	Yes	29/11/2007	42.9	13.1	215	5000	FEMALE
PAL0708	26	Gentoo penguin (Pygoscelis papua)	Anvers	Biscoe	"Adult, 1 Egg Stage"	N44A2	Yes	29/11/2007	46.1	15.1	215	5100	MALE
PAL0708	27	Gentoo penguin (Pygoscelis papua)	Anvers	Biscoe	"Adult, 1 Egg Stage"	N46A1	Yes	29/11/2007	44.5	14.3	216	4100	NA
PAL0708	28	Gentoo penguin (Pygoscelis papua)	Anvers	Biscoe	"Adult, 1 Egg Stage"	N46A2	Yes	29/11/2007	47.8	15	215	5650	MALE
PAL0708	29	Gentoo penguin (Pygoscelis papua)	Anvers	Biscoe	"Adult, 1 Egg Stage"	N47A1	Yes	29/11/2007	48.2	14.3	210	4600	FEMALE
PAL0708	30	Gentoo penguin (Pygoscelis papua)	Anvers	Biscoe	"Adult, 1 Egg Stage"	N47A2	Yes	29/11/2007	50	15.3	220	5550	MALE
PAL0708	31	Gentoo penguin (Pygoscelis papua)	Anvers	Biscoe	"Adult, 1 Egg Stage"	N50A1	Yes	29/11/2007	47.3	15.3	222	5250	MALE
PAL0708	32	Gentoo penguin (Pygoscelis papua)	Anvers	Biscoe	"Adult, 1 Egg Stage"	N50A2	Yes	29/11/2007	42.8	14.2	209	4700	FEMALE
PAL0708	33	Gentoo penguin (Pygoscelis papua)	Anvers	Biscoe	"Adult, 1 Egg Stage"	N56A1	Yes	03/12/2007	45.1	14.5	207	5050	FEMALE
PAL0708	34	Gentoo penguin (Pygoscelis papua)	Anvers	Biscoe	"Adult, 1 Egg Stage"	N56A2	Yes	03/12/2007	59.6	17	230	6050	MALE
PAL0809	35	Gentoo penguin (Pygoscelis papua)	Anvers	Biscoe	"Adult, 1 Egg Stage"	N2A1	Yes	13/11/2008	49.1	14.8	220	5150	FEMALE
PAL0809	36	Gentoo penguin (Pygoscelis papua)	Anvers	Biscoe	"Adult, 1 Egg Stage"	N2A2	Yes	13/11/2008	48.4	16.3	220	5400	MALE
PAL0809	37	Gentoo penguin (Pygoscelis papua)	Anvers	Biscoe	"Adult, 1 Egg Stage"	N4A1	Yes	02/11/2008	42.6	13.7	213	4950	FEMALE
PAL0809	38	Gentoo penguin (Pygoscelis papua)	Anvers	Biscoe	"Adult, 1 Egg Stage"	N4A2	Yes	02/11/2008	44.4	17.3	219	5250	MALE
PAL0809	39	Gentoo penguin (Pygoscelis papua)	Anvers	Biscoe	"Adult, 1 Egg Stage"	N5A1	Yes	09/11/2008	44	13.6	208	4350	FEMALE
PAL0809	40	Gentoo penguin (Pygoscelis papua)	Anvers	Biscoe	"Adult, 1 Egg Stage"	N5A2	Yes	09/11/2008	48.7	15.7	208	5350	MALE
PAL0809	41	Gentoo penguin (Pygoscelis papua)	Anvers	Biscoe	"Adult, 1 Egg Stage"	N6A1	No	04/11/2008	42.7	13.7	208	3950	FEMALE
PAL0809	42	Gentoo penguin (Pygoscelis papua)	Anvers	Biscoe	"Adult, 1 Egg Stage"	N6A2	No	04/11/2008	49.6	16	225	5700	MALE
PAL0809	43	Gentoo penguin (Pygoscelis papua)	Anvers	Biscoe	"Adult, 1 Egg Stage"	N7A1	Yes	04/11/2008	45.3	13.7	210	4300	FEMALE
PAL0809	44	Gentoo penguin (Pygoscelis papua)	Anvers	Biscoe	"Adult, 1 Egg Stage"	N7A2	Yes	04/11/2008	49.6	15	216	4750	MALE
PAL0809	45	Gentoo penguin (Pygoscelis papua)	Anvers	Biscoe	"Adult, 1 Egg Stage"	N8A1	Yes	03/11/2008	50.5	15.9	222	5550	MALE
PAL0809	46	Gentoo penguin (Pygoscelis papua)	Anvers	Biscoe	"Adult, 1 Egg Stage"	N8A2	Yes	03/11/2008	43.6	13.9	217	4900	FEMALE
PAL0809	47	Gentoo penguin (Pygoscelis papua)	Anvers	Biscoe	"Adult, 1 Egg Stage"	N11A1	No	09/11/2008	45.5	13.9	210	4200	FEMALE
PAL0809	48	Gentoo penguin (Pygoscelis papua)	Anvers	Biscoe	"Adult, 1 Egg Stage"	N11A2	No	09/11/2008	50.5	15.9	225	5400	MALE
PAL0809	49	Gentoo penguin (Pygoscelis papua)	Anvers	Biscoe	"Adult, 1 Egg Stage"	N12A1	Yes	02/11/2008	44.9	13.3	213	5100	FEMALE
PAL0809	50	Gentoo penguin (Pygoscelis papua)	Anvers	Biscoe	"Adult, 1 Egg Stage"	N12A2	Yes	02/11/2008	45.2	15.8	215	5300	MALE
PAL0809	51	Gentoo penguin (Pygoscelis papua)	Anvers	Biscoe	"Adult, 1 Egg Stage"	N13A1	Yes	04/11/2008	46.6	14.2	210	4850	FEMALE
PAL0809	52	Gentoo penguin (Pygoscelis papua)	Anvers	Biscoe	"Adult, 1 Egg Stage"	N13A2	Yes	04/11/2008	48.5	14.1	220	5300	MALE
PAL0809	53	Gentoo penguin (Pygoscelis papua)	Anvers	Biscoe	"Adult, 1 Egg Stage"	N14A1	Yes	04/11/2008	45.1	14.4	210	4400	FEMALE
PAL0809	54	Gentoo penguin (Pygoscelis papua)	Anvers	Biscoe	"Adult, 1 Egg Stage"	N14A2	Yes	04/11/2008	50.1	15	225	5000	MALE
PAL0809	55	Gentoo penguin (Pygoscelis papua)	Anvers	Biscoe	"Adult, 1 Egg Stage"	N15A1	Yes	04/11/2008	46.5	14.4	217	4900	FEMALE
PAL0809	56	Gentoo penguin (Pygoscelis papua)	Anvers	Biscoe	"Adult, 1 Egg Stage"	N15A2	Yes	04/11/2008	45	15.4	220	5050	MALE
PAL0809	57	Gentoo penguin (Pygoscelis papua)	Anvers	Biscoe	"Adult, 1 Egg Stage"	N16A1	Yes	03/11/2008	43.8	13.9	208	4300	FEMALE
PAL0809	58	Gentoo penguin (Pygoscelis papua)	Anvers	Biscoe	"Adult, 1 Egg Stage"	N16A2	Yes	03/11/2008	45.5	15	220	5000	MALE
PAL0809	59	Gentoo penguin (Pygoscelis papua)	Anvers	Biscoe	"Adult, 1 Egg Stage"	N17A1	Yes	06/11/2008	43.2	14.5	208	4450	FEMALE
PAL0809	60	Gentoo penguin (Pygoscelis papua)	Anvers	Biscoe	"Adult, 1 Egg Stage"	N17A2	Yes	06/11/2008	50.4	15.3	224	5550	MALE
PAL0809	61	Gentoo penguin (Pygoscelis papua)	Anvers	Biscoe	"Adult, 1 Egg Stage"	N18A1	Yes	03/11/2008	45.3	13.8	208	4200	FEMALE
PAL0809	62	Gentoo penguin (Pygoscelis papua)	Anvers	Biscoe	"Adult, 1 Egg Stage"	N18A2	Yes	03/11/2008	46.2	14.9	221	5300	MALE
PAL0809	63	Gentoo penguin (Pygoscelis papua)	Anvers	Biscoe	"Adult, 1 Egg Stage"	N19A1	Yes	13/11/2008	45.7	13.9	214	4400	FEMALE
PAL0809	64	Gentoo penguin (Pygoscelis papua)	Anvers	Biscoe	"Adult, 1 Egg Stage"	N19A2	Yes	13/11/2008	54.3	15.7	231	5650	MALE
PAL0809	65	Gentoo penguin (Pygoscelis papua)	Anvers	Biscoe	"Adult, 1 Egg Stage"	N20A1	Yes	04/11/2008	45.8	14.2	219	4700	FEMALE
PAL0809	66	Gentoo penguin (Pygoscelis papua)	Anvers	Biscoe	"Adult, 1 Egg Stage"	N20A2	Yes	04/11/2008	49.8	16.8	230	5700	MALE
PAL0809	67	Gentoo penguin (Pygoscelis papua)	Anvers	Biscoe	"Adult, 1 Egg Stage"	N51A1	Yes	09/11/2008	46.2	14.4	214	4650	NA
PAL0809	68	Gentoo penguin (Pygoscelis papua)	Anvers	Biscoe	"Adult, 1 Egg Stage"	N51A2	Yes	09/11/2008	49.5	16.2	229	5800	MALE
PAL0809	69	Gentoo penguin (Pygoscelis papua)	Anvers	Biscoe	"Adult, 1 Egg Stage"	N53A1	Yes	13/11/2008	43.5	14.2	220	4700	FEMALE
PAL0809	70	Gentoo penguin (Pygoscelis papua)	Anvers	Biscoe	"Adult, 1 Egg Stage"	N53A2	Yes	13/11/2008	50.7	15	223	5550	MALE
PAL0809	71	Gentoo penguin (Pygoscelis papua)	Anvers	Biscoe	"Adult, 1 Egg Stage"	N54A1	Yes	03/11/2008	47.7	15	216	4750	FEMALE
PAL0809	72	Gentoo penguin (Pygoscelis papua)	Anvers	Biscoe	"Adult, 1 Egg Stage"	N54A2	Yes	03/11/2008	46.4	15.6	221	5000	MALE
PAL0809	73	Gentoo penguin (Pygoscelis papua)	Anvers	Biscoe	"Adult, 1 Egg Stage"	N55A1	Yes	09/11/2008	48.2	15.6	221	5100	MALE
PAL0809	74	Gentoo penguin (Pygoscelis papua)	Anvers	Biscoe	"Adult, 1 Egg Stage"	N55A2	Yes	09/11/2008	46.5	14.8	217	5200	FEMALE
PAL0809	75	Gentoo penguin (Pygoscelis papua)	Anvers	Biscoe	"Adult, 1 Egg Stage"	N56A1	Yes	06/11/2008	46.4	15	216	4700	FEMALE
PAL0809	76	Gentoo penguin (Pygoscelis papua)	Anvers	Biscoe	"Adult, 1 Egg Stage"	N56A2	Yes	06/11/2008	48.6	16	230	5800	MALE
PAL0809	77	Gentoo penguin (Pygoscelis papua)	Anvers	Biscoe	"Adult, 1 Egg Stage"	N58A1	Yes	06/11/2008	47.5	14.2	209	4600	FEMALE
PAL0809	78	Gentoo penguin (Pygoscelis papua)	Anvers	Biscoe	"Adult, 1 Egg Stage"	N58A2	Yes	06/11/2008	51.1	16.3	220	6000	MALE
PAL0809	79	Gentoo penguin (Pygoscelis papua)	Anvers	Biscoe	"Adult, 1 Egg Stage"	N60A1	Yes	09/11/2008	45.2	13.8	215	4750	FEMALE
PAL0809	80	Gentoo penguin (Pygoscelis papua)	Anvers	Biscoe	"Adult, 1 Egg Stage"	N60A2	Yes	09/11/2008	45.2	16.4	223	5950	MALE
PAL0910	81	Gentoo penguin (Pygoscelis papua)	Anvers	Biscoe	"Adult, 1 Egg Stage"	N1A1	Yes	18/11/2009	49.1	14.5	212	4625	FEMALE
PAL0910	82	Gentoo penguin (Pygoscelis papua)	Anvers	Biscoe	"Adult, 1 Egg Stage"	N1A2	Yes	18/11/2009	52.5	15.6	221	5450	MALE
PAL0910	83	Gentoo penguin (Pygoscelis papua)	Anvers	Biscoe	"Adult, 1 Egg Stage"	N6A1	Yes	15/11/2009	47.4	14.6	212	4725	FEMALE
PAL0910	84	Gentoo penguin (Pygoscelis papua)	Anvers	Biscoe	"Adult, 1 Egg Stage"	N6A2	Yes	15/11/2009	50	15.9	224	5350	MALE
PAL0910	85	Gentoo penguin (Pygoscelis papua)	Anvers	Biscoe	"Adult, 1 Egg Stage"	N8A1	Yes	22/11/2009	44.9	13.8	212	4750	FEMALE
PAL0910	86	Gentoo penguin (Pygoscelis papua)	Anvers	Biscoe	"Adult, 1 Egg Stage"	N8A2	Yes	22/11/2009	50.8	17.3	228	5600	MALE
PAL0910	87	Gentoo penguin (Pygoscelis papua)	Anvers	Biscoe	"Adult, 1 Egg Stage"	N13A1	Yes	20/11/2009	43.4	14.4	218	4600	FEMALE
PAL0910	88	Gentoo penguin (Pygoscelis papua)	Anvers	Biscoe	"Adult, 1 Egg Stage"	N13A2	Yes	20/11/2009	51.3	14.2	218	5300	MALE
PAL0910	89	Gentoo penguin (Pygoscelis papua)	Anvers	Biscoe	"Adult, 1 Egg Stage"	N14A1	Yes	25/11/2009	47.5	14	212	4875	FEMALE
PAL0910	90	Gentoo penguin (Pygoscelis papua)	Anvers	Biscoe	"Adult, 1 Egg Stage"	N14A2	Yes	25/11/2009	52.1	17	230	5550	MALE
PAL0910	91	Gentoo penguin (Pygoscelis papua)	Anvers	Biscoe	"Adult, 1 Egg Stage"	N15A1	Yes	25/11/2009	47.5	15	218	4950	FEMALE
PAL0910	92	Gentoo penguin (Pygoscelis papua)	Anvers	Biscoe	"Adult, 1 Egg Stage"	N15A2	Yes	25/11/2009	52.2	17.1	228	5400	MALE
PAL0910	93	Gentoo penguin (Pygoscelis papua)	Anvers	Biscoe	"Adult, 1 Egg Stage"	N18A1	Yes	01/12/2009	45.5	14.5	212	4750	FEMALE
PAL0910	94	Gentoo penguin (Pygoscelis papua)	Anvers	Biscoe	"Adult, 1 Egg Stage"	N18A2	Yes	01/12/2009	49.5	16.1	224	5650	MALE
PAL0910	95	Gentoo penguin (Pygoscelis papua)	Anvers	Biscoe	"Adult, 1 Egg Stage"	N19A1	Yes	27/11/2009	44.5	14.7	214	4850	FEMALE
PAL0910	96	Gentoo penguin (Pygoscelis papua)	Anvers	Biscoe	"Adult, 1 Egg Stage"	N19A2	Yes	27/11/2009	50.8	15.7	226	5200	MALE
PAL0910	97	Gentoo penguin (Pygoscelis papua)	Anvers	Biscoe	"Adult, 1 Egg Stage"	N20A1	Yes	18/11/2009	49.4	15.8	216	4925	MALE
PAL0910	98	Gentoo penguin (Pygoscelis papua)	Anvers	Biscoe	"Adult, 1 Egg Stage"	N20A2	Yes	18/11/2009	46.9	14.6	222	4875	FEMALE
PAL0910	99	Gentoo penguin (Pygoscelis papua)	Anvers	Biscoe	"Adult, 1 Egg Stage"	N21A1	Yes	18/11/2009	48.4	14.4	203	4625	FEMALE
PAL0910	100	Gentoo penguin (Pygoscelis papua)	Anvers	Biscoe	"Adult, 1 Egg Stage"	N21A2	Yes	18/11/2009	51.1	16.5	225	5250	MALE
PAL0910	101	Gentoo penguin (Pygoscelis papua)	Anvers	Biscoe	"Adult, 1 Egg Stage"	N22A1	Yes	22/11/2009	48.5	15	219	4850	FEMALE
PAL0910	102	Gentoo penguin (Pygoscelis papua)	Anvers	Biscoe	"Adult, 1 Egg Stage"	N22A2	Yes	22/11/2009	55.9	17	228	5600	MALE
PAL0910	103	Gentoo penguin (Pygoscelis papua)	Anvers	Biscoe	"Adult, 1 Egg Stage"	N23A1	Yes	18/11/2009	47.2	15.5	215	4975	FEMALE
PAL0910	104	Gentoo penguin (Pygoscelis papua)	Anvers	Biscoe	"Adult, 1 Egg Stage"	N23A2	Yes	18/11/2009	49.1	15	228	5500	MALE
PAL0910	105	Gentoo penguin (Pygoscelis papua)	Anvers	Biscoe	"Adult, 1 Egg Stage"	N24A1	Yes	01/12/2009	47.3	13.8	216	4725	NA
PAL0910	106	Gentoo penguin (Pygoscelis papua)	Anvers	Biscoe	"Adult, 1 Egg Stage"	N24A2	Yes	01/12/2009	46.8	16.1	215	5500	MALE
PAL0910	107	Gentoo penguin (Pygoscelis papua)	Anvers	Biscoe	"Adult, 1 Egg Stage"	N28A1	Yes	10/11/2009	41.7	14.7	210	4700	FEMALE
PAL0910	108	Gentoo penguin (Pygoscelis papua)	Anvers	Biscoe	"Adult, 1 Egg Stage"	N28A2	Yes	10/11/2009	53.4	15.8	219	5500	MALE
PAL0910	109	Gentoo penguin (Pygoscelis papua)	Anvers	Biscoe	"Adult, 1 Egg Stage"	N29A1	Yes	09/11/2009	43.3	14	208	4575	FEMALE
PAL0910	110	Gentoo penguin (Pygoscelis papua)	Anvers	Biscoe	"Adult, 1 Egg Stage"	N29A2	Yes	09/11/2009	48.1	15.1	209	5500	MALE
PAL0910	111	Gentoo penguin (Pygoscelis papua)	Anvers	Biscoe	"Adult, 1 Egg Stage"	N32A1	Yes	20/11/2009	50.5	15.2	216	5000	FEMALE
PAL0910	112	Gentoo penguin (Pygoscelis papua)	Anvers	Biscoe	"Adult, 1 Egg Stage"	N32A2	Yes	20/11/2009	49.8	15.9	229	5950	MALE
PAL0910	113	Gentoo penguin (Pygoscelis papua)	Anvers	Biscoe	"Adult, 1 Egg Stage"	N34A1	Yes	27/11/2009	43.5	15.2	213	4650	FEMALE
PAL0910	114	Gentoo penguin (Pygoscelis papua)	Anvers	Biscoe	"Adult, 1 Egg Stage"	N34A2	Yes	27/11/2009	51.5	16.3	230	5500	MALE
PAL0910	115	Gentoo penguin (Pygoscelis papua)	Anvers	Biscoe	"Adult, 1 Egg Stage"	N35A1	Yes	25/11/2009	46.2	14.1	217	4375	FEMALE
PAL0910	116	Gentoo penguin (Pygoscelis papua)	Anvers	Biscoe	"Adult, 1 Egg Stage"	N35A2	Yes	25/11/2009	55.1	16	230	5850	MALE
PAL0910	117	Gentoo penguin (Pygoscelis papua)	Anvers	Biscoe	"Adult, 1 Egg Stage"	N36A1	Yes	01/12/2009	44.5	15.7	217	4875	NA
PAL0910	118	Gentoo penguin (Pygoscelis papua)	Anvers	Biscoe	"Adult, 1 Egg Stage"	N36A2	Yes	01/12/2009	48.8	16.2	222	6000	MALE
PAL0910	119	Gentoo penguin (Pygoscelis papua)	Anvers	Biscoe	"Adult, 1 Egg Stage"	N38A1	No	01/12/2009	47.2	13.7	214	4925	FEMALE
PAL0910	120	Gentoo penguin (Pygoscelis papua)	Anvers	Biscoe	"Adult, 1 Egg Stage"	N38A2	No	01/12/2009	NA	NA	NA	NA	NA
PAL0910	121	Gentoo penguin (Pygoscelis papua)	Anvers	Biscoe	"Adult, 1 Egg Stage"	N39A1	Yes	22/11/2009	46.8	14.3	215	4850	FEMALE
PAL0910	122	Gentoo penguin (Pygoscelis papua)	Anvers	Biscoe	"Adult, 1 Egg Stage"	N39A2	Yes	22/11/2009	50.4	15.7	222	5750	MALE
PAL0910	123	Gentoo penguin (Pygoscelis papua)	Anvers	Biscoe	"Adult, 1 Egg Stage"	N43A1	Yes	22/11/2009	45.2	14.8	212	5200	FEMALE
PAL0910	124	Gentoo penguin (Pygoscelis papua)	Anvers	Biscoe	"Adult, 1 Egg Stage"	N43A2	Yes	22/11/2009	49.9	16.1	213	5400	MALE
PAL0708	1	Chinstrap penguin (Pygoscelis antarctica)	Anvers	Dream	"Adult, 1 Egg Stage"	N61A1	No	19/11/2007	46.5	17.9	192	3500	FEMALE
PAL0708	2	Chinstrap penguin (Pygoscelis antarctica)	Anvers	Dream	"Adult, 1 Egg Stage"	N61A2	No	19/11/2007	50	19.5	196	3900	MALE
PAL0708	3	Chinstrap penguin (Pygoscelis antarctica)	Anvers	Dream	"Adult, 1 Egg Stage"	N62A1	Yes	26/11/2007	51.3	19.2	193	3650	MALE
PAL0708	4	Chinstrap penguin (Pygoscelis antarctica)	Anvers	Dream	"Adult, 1 Egg Stage"	N62A2	Yes	26/11/2007	45.4	18.7	188	3525	FEMALE
PAL0708	5	Chinstrap penguin (Pygoscelis antarctica)	Anvers	Dream	"Adult, 1 Egg Stage"	N64A1	Yes	21/11/2007	52.7	19.8	197	3725	MALE
PAL0708	6	Chinstrap penguin (Pygoscelis antarctica)	Anvers	Dream	"Adult, 1 Egg Stage"	N64A2	Yes	21/11/2007	45.2	17.8	198	3950	FEMALE
PAL0708	7	Chinstrap penguin (Pygoscelis antarctica)	Anvers	Dream	"Adult, 1 Egg Stage"	N66A1	Yes	28/11/2007	46.1	18.2	178	3250	FEMALE
PAL0708	8	Chinstrap penguin (Pygoscelis antarctica)	Anvers	Dream	"Adult, 1 Egg Stage"	N66A2	Yes	28/11/2007	51.3	18.2	197	3750	MALE
PAL0708	9	Chinstrap penguin (Pygoscelis antarctica)	Anvers	Dream	"Adult, 1 Egg Stage"	N67A1	Yes	21/11/2007	46	18.9	195	4150	FEMALE
PAL0708	10	Chinstrap penguin (Pygoscelis antarctica)	Anvers	Dream	"Adult, 1 Egg Stage"	N67A2	Yes	21/11/2007	51.3	19.9	198	3700	MALE
PAL0708	11	Chinstrap penguin (Pygoscelis antarctica)	Anvers	Dream	"Adult, 1 Egg Stage"	N68A1	Yes	28/11/2007	46.6	17.8	193	3800	FEMALE
PAL0708	12	Chinstrap penguin (Pygoscelis antarctica)	Anvers	Dream	"Adult, 1 Egg Stage"	N68A2	Yes	28/11/2007	51.7	20.3	194	3775	MALE
PAL0708	13	Chinstrap penguin (Pygoscelis antarctica)	Anvers	Dream	"Adult, 1 Egg Stage"	N69A1	Yes	26/11/2007	47	17.3	185	3700	FEMALE
PAL0708	14	Chinstrap penguin (Pygoscelis antarctica)	Anvers	Dream	"Adult, 1 Egg Stage"	N69A2	Yes	26/11/2007	52	18.1	201	4050	MALE
PAL0708	15	Chinstrap penguin (Pygoscelis antarctica)	Anvers	Dream	"Adult, 1 Egg Stage"	N70A1	Yes	22/11/2007	45.9	17.1	190	3575	FEMALE
PAL0708	16	Chinstrap penguin (Pygoscelis antarctica)	Anvers	Dream	"Adult, 1 Egg Stage"	N70A2	Yes	22/11/2007	50.5	19.6	201	4050	MALE
PAL0708	17	Chinstrap penguin (Pygoscelis antarctica)	Anvers	Dream	"Adult, 1 Egg Stage"	N71A1	No	30/11/2007	50.3	20	197	3300	MALE
PAL0708	18	Chinstrap penguin (Pygoscelis antarctica)	Anvers	Dream	"Adult, 1 Egg Stage"	N71A2	No	30/11/2007	58	17.8	181	3700	FEMALE
PAL0708	19	Chinstrap penguin (Pygoscelis antarctica)	Anvers	Dream	"Adult, 1 Egg Stage"	N72A1	Yes	30/11/2007	46.4	18.6	190	3450	FEMALE
PAL0708	20	Chinstrap penguin (Pygoscelis antarctica)	Anvers	Dream	"Adult, 1 Egg Stage"	N72A2	Yes	30/11/2007	49.2	18.2	195	4400	MALE
PAL0708	21	Chinstrap penguin (Pygoscelis antarctica)	Anvers	Dream	"Adult, 1 Egg Stage"	N73A1	Yes	03/12/2007	42.4	17.3	181	3600	FEMALE
PAL0708	22	Chinstrap penguin (Pygoscelis antarctica)	Anvers	Dream	"Adult, 1 Egg Stage"	N73A2	Yes	03/12/2007	48.5	17.5	191	3400	MALE
PAL0708	23	Chinstrap penguin (Pygoscelis antarctica)	Anvers	Dream	"Adult, 1 Egg Stage"	N85A1	No	28/11/2007	43.2	16.6	187	2900	FEMALE
PAL0708	24	Chinstrap penguin (Pygoscelis antarctica)	Anvers	Dream	"Adult, 1 Egg Stage"	N85A2	No	28/11/2007	50.6	19.4	193	3800	MALE
PAL0708	25	Chinstrap penguin (Pygoscelis antarctica)	Anvers	Dream	"Adult, 1 Egg Stage"	N89A1	No	28/11/2007	46.7	17.9	195	3300	FEMALE
PAL0708	26	Chinstrap penguin (Pygoscelis antarctica)	Anvers	Dream	"Adult, 1 Egg Stage"	N89A2	No	28/11/2007	52	19	197	4150	MALE
PAL0809	27	Chinstrap penguin (Pygoscelis antarctica)	Anvers	Dream	"Adult, 1 Egg Stage"	N61A1	No	25/11/2008	50.5	18.4	200	3400	FEMALE
PAL0809	28	Chinstrap penguin (Pygoscelis antarctica)	Anvers	Dream	"Adult, 1 Egg Stage"	N61A2	No	25/11/2008	49.5	19	200	3800	MALE
PAL0809	29	Chinstrap penguin (Pygoscelis antarctica)	Anvers	Dream	"Adult, 1 Egg Stage"	N62A1	Yes	14/11/2008	46.4	17.8	191	3700	FEMALE
PAL0809	30	Chinstrap penguin (Pygoscelis antarctica)	Anvers	Dream	"Adult, 1 Egg Stage"	N62A2	Yes	14/11/2008	52.8	20	205	4550	MALE
PAL0809	31	Chinstrap penguin (Pygoscelis antarctica)	Anvers	Dream	"Adult, 1 Egg Stage"	N63A1	Yes	24/11/2008	40.9	16.6	187	3200	FEMALE
PAL0809	32	Chinstrap penguin (Pygoscelis antarctica)	Anvers	Dream	"Adult, 1 Egg Stage"	N63A2	Yes	24/11/2008	54.2	20.8	201	4300	MALE
PAL0809	33	Chinstrap penguin (Pygoscelis antarctica)	Anvers	Dream	"Adult, 1 Egg Stage"	N65A1	Yes	24/11/2008	42.5	16.7	187	3350	FEMALE
PAL0809	34	Chinstrap penguin (Pygoscelis antarctica)	Anvers	Dream	"Adult, 1 Egg Stage"	N65A2	Yes	24/11/2008	51	18.8	203	4100	MALE
PAL0809	35	Chinstrap penguin (Pygoscelis antarctica)	Anvers	Dream	"Adult, 1 Egg Stage"	N67A1	Yes	25/11/2008	49.7	18.6	195	3600	MALE
PAL0809	36	Chinstrap penguin (Pygoscelis antarctica)	Anvers	Dream	"Adult, 1 Egg Stage"	N67A2	Yes	25/11/2008	47.5	16.8	199	3900	FEMALE
PAL0809	37	Chinstrap penguin (Pygoscelis antarctica)	Anvers	Dream	"Adult, 1 Egg Stage"	N69A1	Yes	14/11/2008	47.6	18.3	195	3850	FEMALE
PAL0809	38	Chinstrap penguin (Pygoscelis antarctica)	Anvers	Dream	"Adult, 1 Egg Stage"	N69A2	Yes	14/11/2008	52	20.7	210	4800	MALE
PAL0809	39	Chinstrap penguin (Pygoscelis antarctica)	Anvers	Dream	"Adult, 1 Egg Stage"	N72A1	No	24/11/2008	46.9	16.6	192	2700	FEMALE
PAL0809	40	Chinstrap penguin (Pygoscelis antarctica)	Anvers	Dream	"Adult, 1 Egg Stage"	N72A2	No	24/11/2008	53.5	19.9	205	4500	MALE
PAL0809	41	Chinstrap penguin (Pygoscelis antarctica)	Anvers	Dream	"Adult, 1 Egg Stage"	N74A1	Yes	24/11/2008	49	19.5	210	3950	MALE
PAL0809	42	Chinstrap penguin (Pygoscelis antarctica)	Anvers	Dream	"Adult, 1 Egg Stage"	N74A2	Yes	24/11/2008	46.2	17.5	187	3650	FEMALE
PAL0809	43	Chinstrap penguin (Pygoscelis antarctica)	Anvers	Dream	"Adult, 1 Egg Stage"	N75A1	Yes	14/11/2008	50.9	19.1	196	3550	MALE
PAL0809	44	Chinstrap penguin (Pygoscelis antarctica)	Anvers	Dream	"Adult, 1 Egg Stage"	N75A2	Yes	14/11/2008	45.5	17	196	3500	FEMALE
PAL0910	45	Chinstrap penguin (Pygoscelis antarctica)	Anvers	Dream	"Adult, 1 Egg Stage"	N86A1	Yes	17/11/2009	50.9	17.9	196	3675	FEMALE
PAL0910	46	Chinstrap penguin (Pygoscelis antarctica)	Anvers	Dream	"Adult, 1 Egg Stage"	N86A2	Yes	17/11/2009	50.8	18.5	201	4450	MALE
PAL0910	47	Chinstrap penguin (Pygoscelis antarctica)	Anvers	Dream	"Adult, 1 Egg Stage"	N87A1	Yes	27/11/2009	50.1	17.9	190	3400	FEMALE
PAL0910	48	Chinstrap penguin (Pygoscelis antarctica)	Anvers	Dream	"Adult, 1 Egg Stage"	N87A2	Yes	27/11/2009	49	19.6	212	4300	MALE
PAL0910	49	Chinstrap penguin (Pygoscelis antarctica)	Anvers	Dream	"Adult, 1 Egg Stage"	N88A1	Yes	23/11/2009	51.5	18.7	187	3250	MALE
PAL0910	50	Chinstrap penguin (Pygoscelis antarctica)	Anvers	Dream	"Adult, 1 Egg Stage"	N88A2	Yes	23/11/2009	49.8	17.3	198	3675	FEMALE
PAL0910	51	Chinstrap penguin (Pygoscelis antarctica)	Anvers	Dream	"Adult, 1 Egg Stage"	N90A1	Yes	21/11/2009	48.1	16.4	199	3325	FEMALE
PAL0910	52	Chinstrap penguin (Pygoscelis antarctica)	Anvers	Dream	"Adult, 1 Egg Stage"	N90A2	Yes	21/11/2009	51.4	19	201	3950	MALE
PAL0910	53	Chinstrap penguin (Pygoscelis antarctica)	Anvers	Dream	"Adult, 1 Egg Stage"	N92A1	Yes	23/11/2009	45.7	17.3	193	3600	FEMALE
PAL0910	54	Chinstrap penguin (Pygoscelis antarctica)	Anvers	Dream	"Adult, 1 Egg Stage"	N92A2	Yes	23/11/2009	50.7	19.7	203	4050	MALE
PAL0910	55	Chinstrap penguin (Pygoscelis antarctica)	Anvers	Dream	"Adult, 1 Egg Stage"	N93A1	Yes	27/11/2009	42.5	17.3	187	3350	FEMALE
PAL0910	56	Chinstrap penguin (Pygoscelis antarctica)	Anvers	Dream	"Adult, 1 Egg Stage"	N93A2	Yes	27/11/2009	52.2	18.8	197	3450	MALE
PAL0910	57	Chinstrap penguin (Pygoscelis antarctica)	Anvers	Dream	"Adult, 1 Egg Stage"	N94A1	Yes	21/11/2009	45.2	16.6	191	3250	FEMALE
PAL0910	58	Chinstrap penguin (Pygoscelis antarctica)	Anvers	Dream	"Adult, 1 Egg Stage"	N94A2	Yes	21/11/2009	49.3	19.9	203	4050	MALE
PAL0910	59	Chinstrap penguin (Pygoscelis antarctica)	Anvers	Dream	"Adult, 1 Egg Stage"	N95A1	Yes	21/11/2009	50.2	18.8	202	3800	MALE
PAL0910	60	Chinstrap penguin (Pygoscelis antarctica)	Anvers	Dream	"Adult, 1 Egg Stage"	N95A2	Yes	21/11/2009	45.6	19.4	194	3525	FEMALE
PAL0910	61	Chinstrap penguin (Pygoscelis antarctica)	Anvers	Dream	"Adult, 1 Egg Stage"	N96A1	Yes	27/11/2009	51.9	19.5	206	3950	MALE
PAL0910	62	Chinstrap penguin (Pygoscelis antarctica)	Anvers	Dream	"Adult, 1 Egg Stage"	N96A2	Yes	27/11/2009	46.8	16.5	189	3650	FEMALE
PAL0910	63	Chinstrap penguin (Pygoscelis antarctica)	Anvers	Dream	"Adult, 1 Egg Stage"	N98A1	Yes	19/11/2009	45.7	17	195	3650	FEMALE
PAL0910	64	Chinstrap penguin (Pygoscelis antarctica)	Anvers	Dream	"Adult, 1 Egg Stage"	N98A2	Yes	19/11/2009	55.8	19.8	207	4000	MALE
PAL0910	65	Chinstrap penguin (Pygoscelis antarctica)	Anvers	Dream	"Adult, 1 Egg Stage"	N99A1	No	21/11/2009	43.5	18.1	202	3400	FEMALE
PAL0910	66	Chinstrap penguin (Pygoscelis antarctica)	Anvers	Dream	"Adult, 1 Egg Stage"	N99A2	No	21/11/2009	49.6	18.2	193	3775	MALE
PAL0910	67	Chinstrap penguin (Pygoscelis antarctica)	Anvers	Dream	"Adult, 1 Egg Stage"	N100A1	Yes	21/11/2009	50.8	19	210	4100	MALE
PAL0910	68	Chinstrap penguin (Pygoscelis antarctica)	Anvers	Dream	"Adult, 1 Egg Stage"	N100A2	Yes	21/11/2009	50.2	18.7	198	3775	FEMALE